"Treatment_Information_1","Median","Q1","Q3","Lower_Whisker","Upper_Whisker","Outliers","Ad_Category"
"LY3314814-20mg",-1.89024,-22.26939,7.72832499999999,-67.2659625,32.13408,"-69.34818","Slow"
"LY3314814-50mg",-15.92921,-24.110405,-7.40344,-49.1708525,17.6570075,"34.02432;-54.52161","Slow"
"Placebo",5.345835,-9.0524775,15.12192,-45.31407375,51.38351625,"-48.2405;56.4315400000001","Slow"
"LY3314814-20mg",-22.68288,-47.43321,-1.41768,-110.04741,51.96191,"","Rapid"
"LY3314814-50mg",-27.1722,-45.907235,-6.81274,-104.5489775,21.54086,"-104.61297","Rapid"
"Placebo",-5.011105,-19.7736825,10.5390725,-60.11357,48.02391,"","Rapid"
"LY3314814-20mg",-17.041695,-43.701955,0.713762500000009,-110.04741,51.96191,"","All Progressive"
"LY3314814-50mg",-20.02473,-31.56307,-7.18685,-68.1274,29.37748,"-71.19904;34.02432;-70.82493;-104.61297","All Progressive"
"Placebo",-3.376835,-17.868675,12.276715,-60.11357,56.4315400000001,"","All Progressive"
